target_dates,click_d_day,click_d_1,click_d_2,click_d_3,click_d_4,click_d_5,click_d_6,click_d_7
2019-01-23,0,0,0,0,0,0,0,0
2019-07-24,0,0,0,0,0,0,0,0
2019-08-21,0,0,0,0,0,0,0,0
2019-08-24,0,0,0,0,0,0,0,0
2019-08-25,0,0,0,0,0,0,0,0
2019-08-26,0,0,0,0,0,0,0,0
2019-08-29,0,0,0,0,0,0,0,0
2019-08-31,33,0,0,0,0,0,0,0
2019-09-01,265846,0,0,0,0,0,0,0
2019-09-02,218807,6761,0,0,0,0,0,0
2019-09-03,208567,11582,2167,0,0,0,0,0
2019-09-04,207250,12927,5700,1279,0,0,0,0
2019-09-05,211608,12305,6835,3502,1307,0,0,0
2019-09-06,225281,14673,8554,6819,6041,1962,0,0
2019-09-07,243573,18392,12402,11697,12723,10323,2007,0
2019-09-08,295174,14536,8015,5475,5402,4175,3850,1190
2019-09-09,234512,12409,8536,5944,4645,3099,2392,1777
2019-09-10,263524,16907,6765,5872,3988,3544,2827,2526
2019-09-11,345996,33534,18667,10726,8395,7222,5867,5083
2019-09-12,429406,48475,31062,22307,13373,11206,9692,9838
2019-09-13,520792,48307,26063,17879,15053,8370,6946,7328
2019-09-14,384148,30608,16081,9963,8768,6731,3980,3004
2019-09-15,318928,16106,8196,5809,4335,3097,2100,1427
2019-09-16,242479,13833,6948,5525,5009,3949,2615,1872
2019-09-17,239690,12629,4522,2856,2045,2471,2385,1685
2019-09-18,220203,16213,6089,2893,2014,1673,1639,1446
2019-09-19,213032,15529,8722,3985,2202,1471,1284,1487
2019-09-20,235525,20022,11895,9565,6678,3484,2195,1751
2019-09-21,307852,29063,19870,18625,16760,10023,4718,3129
2019-09-22,226240,13427,7865,6781,5983,5257,3354,1912
2019-09-23,216347,11887,7854,5478,3434,2872,2529,1346
2019-09-24,211938,12959,4312,3605,3449,2151,2116,1679
2019-09-25,215541,14689,6109,2632,2258,2222,2054,1493
2019-09-26,211617,14544,7568,4212,2417,1884,1905,1491
2019-09-27,231346,19276,10803,8169,5467,2959,2530,2517
2019-09-28,334651,32223,19615,15513,13949,10316,5573,3990
2019-09-29,291567,17999,10041,7122,5646,4290,3411,1726
2019-09-30,210655,12036,7841,4554,3831,2978,2111,1233
2019-10-01,255598,10995,4170,3423,2945,2424,1725,1140
2019-10-02,221916,20344,8695,4549,3476,3512,3249,2881
2019-10-03,325926,23869,17072,11662,6183,5501,5624,4887
2019-10-04,294378,25557,16312,13346,8405,4282,3566,3257
2019-10-05,354654,38327,16524,15566,15205,9407,5147,3953
2019-10-06,290419,22234,10751,6171,5980,5211,3179,1565
2019-10-07,205318,13982,9275,5888,4246,4221,3335,1701
2019-10-08,250626,17972,7356,5315,4640,3325,3194,2365
2019-10-09,323582,32568,15078,6165,4651,4608,3321,3081
2019-10-10,225857,19306,9988,4388,2616,2806,2169,2012
2019-10-11,239250,18417,8521,7250,4704,3547,2674,2593
2019-10-12,333131,34026,21158,12031,11718,8308,5138,4453
2019-10-13,279468,20578,10827,8338,4609,3936,2988,1647
2019-10-14,200920,12835,8910,5943,3684,2557,2119,1354
2019-10-15,208218,11174,4312,3767,3047,1991,1499,1236
2019-10-16,214285,14156,5049,3221,3192,2067,1701,1025
2019-10-17,209568,14898,7240,3569,2385,2267,1644,1281
2019-10-18,217652,18904,10537,8568,5844,2940,3047,2386
2019-10-19,320281,34050,21357,18443,13925,9475,5254,4065
2019-10-20,271085,19525,11034,7784,6229,4777,3573,1872
2019-10-21,203305,10639,7912,5314,3656,3244,1988,1630
2019-10-22,203400,11450,4042,3379,2749,2645,1828,1394
2019-10-23,194337,13583,5556,2584,2229,1764,1479,1383
2019-10-24,193773,13990,7929,4319,2451,2080,1859,1621
2019-10-25,232714,20910,11919,9426,6286,3525,2851,2768
2019-10-26,330792,35664,23410,18422,16217,11128,5217,3836
2019-10-27,277026,20321,10967,8082,6022,5242,3999,2071
2019-10-28,203368,11540,7415,5590,3858,2694,2434,1417
2019-10-29,189827,10733,4198,3102,2615,2269,1620,1592
2019-10-30,186863,14717,6543,2718,2320,2257,1665,1592
2019-10-31,200962,14462,7492,4170,2058,2111,1608,1304
2019-11-01,229931,18282,12387,9449,6516,3133,3064,2705
2019-11-02,332694,34799,20629,18011,15392,10921,5210,4053
2019-11-03,281120,20004,10870,6690,6749,5220,3330,1654
2019-11-04,202462,11736,7507,4835,3654,2580,1765,965
2019-11-05,193393,11399,4257,3417,2510,2136,1459,1208
2019-11-06,193347,13855,5556,2886,2484,2242,1313,1224
2019-11-07,193157,14198,7848,4398,2057,2068,1664,1127
2019-11-08,224292,19248,12173,10148,6216,3556,2893,2637
2019-11-09,328694,33739,22033,18211,16009,11244,5850,4598
2019-11-10,270893,21258,11680,8151,6976,5985,3852,2144
2019-11-11,204586,13015,8278,5244,3649,3082,2281,1572
2019-11-12,190133,10690,4030,3762,4507,2686,1989,1203
2019-11-13,204876,18917,7731,2717,3317,2284,1818,1369
2019-11-14,194401,15874,8573,4338,2637,1989,1861,1386
2019-11-15,227604,18612,12460,8823,5778,3541,2872,2570
2019-11-16,318941,31824,20748,16166,13649,9075,5846,4356
2019-11-17,247553,18647,9759,5874,5391,3870,3103,1598
2019-11-18,193239,11193,7022,5114,3269,2558,1930,1174
2019-11-19,204559,10451,4263,3682,2697,2109,1435,1513
2019-11-20,192444,13361,5067,2278,2211,1697,1650,1318
2019-11-21,191710,14454,7939,3951,2246,1848,1472,1227
2019-11-22,232888,18377,10404,8551,5846,3179,2459,2241
2019-11-23,315130,33250,20122,16073,13118,9241,4948,4195
2019-11-24,253655,19461,10568,6209,5725,4588,2986,1691
2019-11-25,193868,12450,7913,5522,3545,2668,2158,1353
2019-11-26,196881,10737,4404,3365,3341,2112,1431,1104
2019-11-27,185538,12719,5014,2588,2149,2039,1538,1359
2019-11-28,191309,13286,7499,4172,2139,1726,1693,1326
2019-11-29,215331,17861,10220,8203,4781,2729,2506,2200
2019-11-30,299233,29788,18183,14447,12426,7958,4100,3172
2019-12-01,236910,16435,9384,5737,4866,4339,2500,1542
2019-12-02,186939,11072,7677,4884,3605,2376,1603,927
2019-12-03,186257,10410,4215,3189,2612,2084,1450,1192
2019-12-04,184130,12313,5129,2832,1984,1884,1303,1091
2019-12-05,189188,12468,6759,3923,2003,1694,1693,1345
2019-12-06,214715,16480,10012,7655,5056,3069,2418,2263
2019-12-07,274415,28936,16353,13385,11071,8407,4607,3467
2019-12-08,240812,15577,10062,6441,5174,3816,2963,1275
2019-12-09,187231,11510,8145,5961,3601,2997,2147,1095
2019-12-10,189813,11086,4337,3696,3140,2329,1762,1319
2019-12-11,198234,13478,5536,2614,2649,2211,1889,1375
2019-12-12,195301,15241,8459,4042,2274,1943,2072,1679
2019-12-13,221391,19558,10431,8181,5855,3372,2736,2492
2019-12-14,289430,31448,18836,14289,11717,9041,5302,3637
2019-12-15,256045,17737,9816,7204,5837,4384,3553,1528
2019-12-16,203567,13688,9722,6430,4372,3497,2369,1643
2019-12-17,192520,12573,4970,4170,3217,2721,2326,1732
2019-12-18,218336,15761,6723,3997,3092,2992,2376,1977
2019-12-19,213266,17844,9193,5510,3544,2851,2718,2282
2019-12-20,229479,19879,11120,8807,6299,4009,3218,3176
2019-12-21,280770,27529,17803,14703,12025,8975,5662,4460
2019-12-22,253368,21413,11806,8049,6526,5584,4649,2563
2019-12-23,236061,18842,13541,11442,7513,6021,3914,3240
2019-12-24,305106,37812,15274,11294,10008,7951,6781,5697
2019-12-25,360412,45501,24937,11683,10385,8419,7026,6453
2019-12-26,238383,26173,19093,11574,6506,5867,5030,4375
2019-12-27,250507,24250,12683,10605,8314,4027,3792,3287
2019-12-28,282299,33794,18933,12077,11532,8221,5289,3614
2019-12-29,250363,24736,15966,10183,6919,6234,4633,2365
2019-12-30,257028,25156,16791,13753,8690,5582,5077,3869
2019-12-31,354897,46263,21003,14781,13671,9796,6303,5470
2020-01-01,324573,39676,18498,8730,7702,6971,4632,3007
2020-01-02,209927,17834,11574,6907,4062,3778,3134,2157
2020-01-03,206652,16008,7217,6184,3893,2735,2244,2043
2020-01-04,260365,28140,15330,7622,7484,6016,4353,3065
2020-01-05,226131,16752,9164,5299,3285,2726,2256,1968
2020-01-06,181393,13514,9381,6712,4080,2473,2254,1910
2020-01-07,177145,11543,5086,4097,3458,2446,1279,1661
2020-01-08,181878,13067,6603,3556,2966,2346,1900,1028
2020-01-09,197236,14028,8378,4304,2930,2699,2150,1738
2020-01-10,202155,17693,9808,6771,5311,3127,2799,2314
2020-01-11,272484,30757,18056,14261,11563,8808,5036,3797
2020-01-12,237524,16864,10314,6634,5150,3824,3313,1879
2020-01-13,202393,13871,9351,7493,5122,3601,2198,2203
2020-01-14,194399,13045,5139,4646,3578,2488,2108,1941
2020-01-15,196675,16361,6926,4036,3313,3003,2329,1996
2020-01-16,195072,16455,8439,4981,3297,2868,2433,1671
2020-01-17,200397,18981,10614,9173,6964,3432,2608,2505
2020-01-18,279067,30470,18424,15994,12970,10359,5737,4604
2020-01-19,234492,18557,9389,7150,5730,4657,3547,2153
2020-01-20,202918,14893,9814,6673,4588,3397,2777,2042
2020-01-21,210054,13416,5615,4700,3855,2679,1871,1456
2020-01-22,203286,15933,7662,4110,2866,3056,2234,1640
2020-01-23,261476,23811,14842,10817,5891,4953,4393,3329
2020-01-24,329502,37151,22826,17529,14200,8822,7494,6231
2020-01-25,357444,40711,20576,16039,13853,10789,6967,6012
2020-01-26,307113,27105,13652,9100,6646,5687,5233,2799
2020-01-27,253434,17464,9445,6505,5003,3563,2906,2137
2020-01-28,214986,16755,8361,6001,6071,4372,2827,2433
2020-01-29,202218,14509,5920,3418,3062,2803,2545,1922
2020-01-30,198138,17388,7762,4207,2759,2268,2507,1743
2020-01-31,194526,17606,9581,6145,3188,2083,1784,1883
2020-02-01,274479,28729,18465,13788,8725,5871,3956,2805
2020-02-02,231614,16977,9596,6255,4877,2994,2295,1376
2020-02-03,183473,14756,9685,7372,4533,3242,2608,2006
2020-02-04,210635,12482,5008,3995,2934,2190,2464,1277
2020-02-05,194150,15360,6208,3480,2810,2518,1737,1350
2020-02-06,198562,15103,7659,3914,2437,1734,1684,1616
2020-02-07,193411,17408,8953,6504,4963,3140,2085,2121
2020-02-08,275947,27767,16712,12982,11244,7309,4047,3233
2020-02-09,246967,18469,9190,6817,5514,3567,2834,1797
2020-02-10,214910,17163,11200,7815,5188,4196,2707,1696
2020-02-11,211430,15548,5684,4809,3808,2793,2581,1666
2020-02-12,193650,15284,7020,3981,2923,2409,2111,1530
2020-02-13,219588,16589,9047,5594,3109,2552,2219,1535
2020-02-14,231420,21797,11961,9306,6161,3702,2780,2464
2020-02-15,303571,31199,19610,14690,12096,9173,4282,3064
2020-02-16,232406,18626,10721,7634,5296,4516,2926,1838
2020-02-17,196597,17037,11502,8508,6150,4482,3718,2119
2020-02-18,206730,14797,7125,5791,4125,3559,2647,2028
2020-02-19,351157,17985,7336,4127,3989,2650,2182,2044
2020-02-20,277596,24382,9626,5177,3879,2695,2221,2318
2020-02-21,200143,32891,15776,9503,5625,3312,2685,2510
2020-02-22,258348,29937,33666,17257,11743,8136,5306,3542
2020-02-23,228242,18144,10902,13434,6706,5009,3738,1976
2020-02-24,188054,14663,9677,7224,9916,4925,3308,2166
2020-02-25,171854,10503,4690,3916,3397,5188,2915,1786
2020-02-26,192367,13830,6030,3210,2648,2514,4168,2150
2020-02-27,194119,13772,5986,3839,2173,1580,1563,3057
2020-02-28,182526,15808,7736,4793,3507,2264,1619,1807
2020-02-29,266515,23480,12299,8773,5803,4669,2459,1772
2020-03-01,230091,15666,7719,4913,3561,2503,1801,892
2020-03-02,195750,17309,10557,7316,4804,2690,1997,1386
2020-03-03,187781,12860,5413,3289,2101,1497,992,767
2020-03-04,190147,14490,5424,3004,2056,1765,1075,836
2020-03-05,196123,15810,7859,3567,1965,1567,1304,778
2020-03-06,200809,16319,8960,5637,3557,1788,1267,979
2020-03-07,274942,25633,14487,9811,6815,4425,1769,1218
2020-03-08,281572,19061,9576,5989,3879,2606,1391,937
2020-03-09,199301,15201,9896,6303,3956,2914,1894,1089
2020-03-10,183079,13497,5393,3780,2585,2115,1808,901
2020-03-11,206646,18817,7853,3874,2966,2000,1879,935
2020-03-12,204296,17489,8891,4892,2762,1815,1398,1067
2020-03-13,214325,19075,9749,6775,5326,2925,2079,1402
2020-03-14,324323,32349,18884,13400,9553,6586,3620,2187
2020-03-15,259116,19113,9222,6169,4321,3404,2304,1140
2020-03-16,193385,15425,9706,6233,4124,2602,1683,1300
2020-03-17,184781,13169,5185,3531,2521,1782,1250,793
2020-03-18,192278,16575,6739,3788,2458,1975,1534,1094
2020-03-19,176822,15419,7935,4325,2368,1757,1347,963
2020-03-20,209247,18381,10767,7121,4137,2355,1617,1270
2020-03-21,311974,30772,17609,13193,10006,6376,2668,1877
2020-03-22,278943,19946,9677,6335,4602,3447,2742,1125
2020-03-23,198263,14686,9416,6231,3989,2989,1946,1349
2020-03-24,187974,13593,5408,3872,2932,2254,1537,887
2020-03-25,196264,15460,6427,3135,2590,1939,1502,1200
2020-03-26,170320,13095,6314,4186,2080,1895,1425,1115
2020-03-27,190624,14984,8153,5844,4280,2469,1775,1546
2020-03-28,301846,28606,16991,12540,10579,6841,3479,2428
2020-03-29,267611,18967,9512,7022,5023,3764,2620,1259
2020-03-30,194729,15056,9126,5504,3653,2730,1987,1273
2020-03-31,199318,13187,5030,3398,3059,1922,1291,890
2020-04-01,191327,14190,6010,3747,2439,2007,1581,1181
2020-04-02,188370,15782,7671,3958,2349,1754,1276,1175
2020-04-03,206411,17579,10213,6315,4485,2404,1650,1511
2020-04-04,316491,33254,18692,15694,11293,6587,3022,2394
2020-04-05,268890,19887,10134,6582,4372,3043,2239,1099
2020-04-06,182684,14426,8294,5368,3762,2612,1551,886
2020-04-07,177381,11189,5151,3482,3166,2194,1558,988
2020-04-08,179161,12862,5840,2611,2254,1893,1418,1039
2020-04-09,175029,13693,6753,3594,1891,1484,1420,886
2020-04-10,189442,16099,9120,7264,3997,2448,1877,1732
2020-04-11,278098,26443,16739,12843,10633,6605,3553,2302
2020-04-12,229920,16496,8478,6287,4769,3725,2208,1190
2020-04-13,186624,12229,9008,5708,3549,2435,2025,1341
2020-04-14,204325,15035,5689,4678,3546,2839,1979,1538
2020-04-15,253088,24612,11364,5314,3519,3077,2486,2049
2020-04-16,188351,15993,9652,4268,2586,1863,2025,1399
2020-04-17,176343,13047,6007,4963,2847,2235,1297,1275
2020-04-18,286613,26281,13543,8998,7975,5972,3363,2274
2020-04-19,204381,13975,7796,4443,3109,2711,2077,1117
2020-04-20,168184,11688,7799,5159,3227,2463,1793,1110
2020-04-21,181975,9856,4500,3223,2841,1726,1506,1110
2020-04-22,169504,13211,5317,2968,2335,1808,1125,763
2020-04-23,180546,13698,6872,3499,1885,1706,1452,1096
2020-04-24,187073,14991,8183,6363,3567,2169,1701,1397
2020-04-25,274057,28673,16211,12964,10100,6349,3512,2333
2020-04-26,253375,16425,9077,6373,4373,3397,2547,1066
2020-04-27,189938,13044,9128,5837,3905,2728,1912,1349
2020-04-28,200019,13281,5587,4628,3579,2803,2053,1579
2020-04-29,221758,23982,14209,6923,6322,5362,4743,3666
2020-04-30,354576,48827,36055,26235,13169,11585,10953,10116
2020-05-01,375498,43078,28409,24521,16435,9440,8104,7443
2020-05-02,339564,39911,21957,16898,14930,10700,6484,4161
2020-05-03,266918,24894,15246,9932,9032,7000,5198,2979
2020-05-04,266387,21264,12442,10081,8230,5327,4435,2821
2020-05-05,267045,21298,8101,5354,4015,2954,2329,1719
2020-05-06,191859,17285,8636,5249,4234,3514,3208,2203
2020-05-07,183585,13149,6962,4397,2455,2260,1923,1320
2020-05-08,198541,16516,8720,5741,4317,2098,1953,1698
2020-05-09,234937,24043,15210,11189,7201,5327,3231,2587
2020-05-10,234220,17971,9648,7690,5067,3181,2186,1221
2020-05-11,183546,12640,8466,6461,3806,2984,1706,1144
2020-05-12,183904,12190,4890,4111,3454,2190,1624,1277
2020-05-13,190618,15164,6105,3229,2753,2187,1780,1285
2020-05-14,195422,15432,7429,4553,2616,2229,1746,1690
2020-05-15,189579,15757,9054,6446,4501,3121,2182,1918
2020-05-16,292453,27256,17043,12826,10147,7683,4129,3037
2020-05-17,263181,17697,9330,6315,4857,3762,2910,1720
2020-05-18,183106,11347,8178,5176,4138,2440,2129,1341
2020-05-19,175345,10573,4074,3479,2677,2082,1826,1272
2020-05-20,189213,14945,5958,3711,3020,2270,1731,1164
2020-05-21,187214,13628,7508,4582,2358,1733,1334,1597
2020-05-22,198105,16507,9999,7341,5270,2842,2120,2032
2020-05-23,305667,31103,18985,14154,10349,8195,4618,2555
2020-05-24,242926,16605,8716,6306,5022,3712,2451,1497
2020-05-25,184951,12389,8374,5848,3841,2230,2016,1377
2020-05-26,181295,11737,4980,4277,3044,2288,1815,1288
2020-05-27,186675,14480,5716,3256,2676,2196,1871,1444
2020-05-28,181413,14335,8159,4193,2483,2076,1736,1572
2020-05-29,204666,18398,10075,8160,5577,3109,2858,2200
2020-05-30,321363,32085,19316,15411,12412,9049,4279,3289
2020-05-31,257056,18364,9949,6598,5331,4096,2764,1451
2020-06-01,191827,12135,8924,5573,3732,2486,2063,1302
2020-06-02,175261,9938,4676,3142,2599,1741,1610,1020
2020-06-03,184773,13533,5469,2744,2353,1787,1406,1271
2020-06-04,180320,13509,7405,3905,2718,2247,1538,1374
2020-06-05,213071,18345,11732,8270,5865,3052,2278,1949
2020-06-06,345180,36819,21638,15290,13951,9699,4396,3175
2020-06-07,278624,19840,10358,7571,5392,5115,2995,1469
2020-06-08,197279,15370,9317,6988,3980,2853,2538,1487
2020-06-09,195041,12438,5035,3923,2946,2328,1695,1308
2020-06-10,195732,14712,6011,3154,2578,1951,1832,1633
2020-06-11,200146,15171,7889,4198,2573,2407,1715,1911
2020-06-12,211879,18081,10241,7409,5621,3308,2750,2457
2020-06-13,304909,29111,16704,14170,12812,9863,5277,3777
2020-06-14,275593,18187,12081,7231,5513,4424,3803,2145
2020-06-15,220459,13658,8825,6465,4671,2808,2431,1600
2020-06-16,205117,13254,5070,4004,3196,2602,2162,1562
2020-06-17,196892,15400,6961,3316,2549,2502,1865,1510
2020-06-18,187508,15251,8686,4642,2524,2332,2057,1662
2020-06-19,219653,18407,11233,8824,6131,2971,2569,2643
2020-06-20,339844,38383,22360,18115,14921,10161,5398,3808
2020-06-21,290646,24766,12558,8067,6251,5131,3345,2159
2020-06-22,213331,15756,9990,6858,4347,3679,2510,1640
2020-06-23,198820,13418,4960,3864,3190,2191,1794,1636
2020-06-24,172952,13721,6723,3152,2619,2078,1814,1558
2020-06-25,177761,14344,7722,5032,2937,2123,2122,1566
2020-06-26,221075,19395,11297,9338,6984,3487,2499,2578
2020-06-27,336227,33435,19428,16781,13918,10210,5630,3654
2020-06-28,292215,20527,10177,6928,5922,5201,4121,2237
2020-06-29,198753,14331,9153,6394,4525,2981,2494,1714
2020-06-30,186588,13525,4721,4492,3164,2394,1821,1560
2020-07-01,206557,16804,8440,4903,3786,3066,2112,1701
2020-07-02,213493,17021,9609,6046,3208,2550,2170,1907
2020-07-03,239153,20408,10382,8904,6231,3319,2710,2303
2020-07-04,352607,37194,21595,16515,11995,10271,5223,3308
2020-07-05,295815,21441,12558,8099,5410,4899,3559,1672
2020-07-06,215541,15987,11085,7214,5127,3588,2818,2215
2020-07-07,217260,13504,5889,4647,3955,3192,2187,1662
2020-07-08,212594,17679,7446,3462,2846,2976,2441,1784
2020-07-09,214268,16987,9454,5115,2891,2539,2674,2030
2020-07-10,227407,17308,10401,8814,6132,3362,2625,2972
2020-07-11,365629,33696,21264,15859,13618,9936,5326,4134
2020-07-12,281103,21585,11866,9026,7094,5228,4921,2484
2020-07-13,218644,15378,10116,8053,5951,4263,3921,2726
2020-07-14,206635,16147,6759,5914,4468,3381,3434,2535
2020-07-15,217019,20489,10127,5658,4752,4240,3306,2293
2020-07-16,227298,20986,13285,8187,4528,4002,3515,3314
2020-07-17,251502,23149,13873,10180,8079,4971,3618,3738
2020-07-18,356056,40260,23528,17305,13584,11440,7009,4525
2020-07-19,253009,19369,11297,8584,6733,5568,4702,3169
2020-07-20,212894,15513,11612,8544,6864,5239,4456,3081
2020-07-21,224302,15177,6909,5966,5022,4771,4254,2778
2020-07-22,210889,17660,8045,4386,4369,3730,3016,2295
2020-07-23,197384,16664,9274,4851,3433,2782,2703,2661
2020-07-24,207140,17650,11385,8993,6535,4117,3370,3295
2020-07-25,326102,27776,18646,17575,16214,10394,6205,4505
2020-07-26,304513,20361,10281,8363,7372,7068,5057,2794
2020-07-27,211464,15849,11250,7620,5808,4866,3796,3055
2020-07-28,206860,13471,6203,5266,3972,3436,3278,2889
2020-07-29,202192,18277,8514,4798,4298,4006,3546,2954
2020-07-30,224338,18427,12106,7745,4810,4204,3941,4090
2020-07-31,248854,22384,14090,11824,8778,5235,3557,3774
2020-08-01,320834,36130,23388,20260,15215,13698,6831,6113
2020-08-02,279085,25791,14223,11825,9489,8090,7003,3705
2020-08-03,241497,24176,16789,13071,10734,8111,7101,6257
2020-08-04,244355,20250,10153,9098,7469,6348,5114,3988
2020-08-05,226026,22414,10751,7518,5827,5966,4733,4148
2020-08-06,211091,19236,11614,7684,5951,4777,4826,4087
2020-08-07,210717,19841,12598,10044,7075,5013,4354,3734
2020-08-08,251394,28112,18054,15098,13607,9890,6631,5677
2020-08-09,220867,19080,11317,9146,7420,6615,4942,3474
2020-08-10,198810,16223,11556,9767,7041,6603,5290,4347
2020-08-11,217185,15160,7660,7342,6204,5027,4917,3748
2020-08-12,234965,21647,10192,5433,6272,5319,4307,4138
2020-08-13,254414,22233,13156,8256,4813,4776,4537,4258
2020-08-14,278481,28545,16841,12097,8968,5478,5306,5963
2020-08-15,375373,46660,28416,22447,19498,13619,8021,6579
2020-08-16,410879,39622,23287,17211,12564,11109,8477,5049
2020-08-17,360922,31740,18712,14693,10566,7137,6745,4677
2020-08-18,250920,26626,13437,11562,9588,7158,5144,3762
2020-08-19,250509,22446,11517,8015,7350,5894,4953,3575
2020-08-20,240130,21931,11254,7753,6592,5481,4581,3989
2020-08-21,245889,23839,13088,9400,5826,4733,4466,3845
2020-08-22,309080,35664,22453,18261,13837,9264,6650,5149
2020-08-23,302338,23134,14138,10372,9490,7153,4932,3547
2020-08-24,238601,18622,13340,9543,7738,6465,5093,3496
2020-08-25,233255,15644,6956,6176,5425,4642,3781,3302
2020-08-26,204368,13674,6992,4584,4489,3912,3923,3409
2020-08-27,203099,13732,7425,5192,3282,3703,3468,3168
2020-08-28,233828,16735,9635,6862,4799,2959,2451,2537
2020-08-29,317904,30291,17344,14599,11239,7650,3673,3070
2020-08-30,281924,21393,11304,7137,6402,4727,3005,1533
2020-08-31,217081,16212,11049,6974,4970,3570,1909,1355
2020-09-01,212139,13948,5917,4301,2934,2794,2298,1650
2020-09-02,181511,12053,5861,2902,2569,2014,1718,1521
2020-09-03,200933,13937,7061,3821,2260,1936,1658,1255
2020-09-04,273094,18169,10202,6903,3953,2337,1920,1455
2020-09-05,368606,33880,16121,12838,9835,6454,2854,2155
2020-09-06,247861,18088,8706,4996,4501,3123,2714,1274
2020-09-07,166569,12013,7825,5536,4177,3268,1788,1434
2020-09-08,208173,11667,5243,4439,2990,2517,1361,1219
2020-09-09,203239,14173,6429,3684,3179,2270,1605,1064
2020-09-10,213737,17147,8793,4882,3154,2586,2309,1634
2020-09-11,228685,19439,11259,7498,4580,3317,2099,1829
2020-09-12,325009,37059,21410,14878,12052,7910,4713,3237
2020-09-13,337081,20316,11476,8105,5876,4681,3015,1471
2020-09-14,199125,15787,9334,7328,4724,3414,2625,1673
2020-09-15,189038,14814,5445,4710,3474,2611,1926,1624
2020-09-16,177915,15104,6716,3891,3167,2384,1968,1627
2020-09-17,184417,15490,8906,4519,3114,2516,2012,1400
2020-09-18,216295,19028,10997,9063,5524,3035,2454,2384
2020-09-19,350567,35495,21319,16449,13681,9593,4510,3339
2020-09-20,289756,22958,11527,8083,6179,4939,3808,1956
2020-09-21,194993,15136,10033,6003,4815,3354,2568,1569
2020-09-22,191255,13314,5660,4676,3650,2615,1944,1591
2020-09-23,189874,15898,7089,3483,3237,2310,2008,1272
2020-09-24,197316,15924,8897,5798,2923,2383,2329,1723
2020-09-25,196911,17588,10485,7483,5447,3115,2411,1925
2020-09-26,312908,31767,20449,16436,13893,9218,4601,3509
2020-09-27,274024,18350,11149,8310,6850,5434,3780,2018
2020-09-28,216595,16115,10254,8008,5638,4764,3972,2381
2020-09-29,245334,20521,8344,7226,7464,6488,4922,4206
2020-09-30,308066,33228,20000,11022,9414,10011,8754,7593
2020-10-01,337163,30765,16840,12656,7102,5681,6418,5577
2020-10-02,321653,29481,14777,11612,8265,4394,3203,3602
2020-10-03,300607,21603,10396,7374,6406,4686,2193,2077
2020-10-04,237715,14508,7125,4370,3343,2464,1836,1183
2020-10-05,181673,14017,7343,4729,4066,3571,3124,1739
2020-10-06,179164,11264,4758,3061,2400,1936,1857,1659
2020-10-07,179567,15534,6110,2868,2333,1901,1568,1480
2020-10-08,219259,20800,12233,7133,3804,2884,1992,1863
2020-10-09,337978,41297,25382,21309,13841,7265,4651,3867
2020-10-10,300086,31562,17328,12139,9930,6797,3725,2714
2020-10-11,245101,20774,11623,7915,5399,4307,2659,1499
2020-10-12,180933,14170,8907,8010,5874,3904,2877,1381
2020-10-13,189910,12477,5178,4026,3431,3153,2380,1740
2020-10-14,177553,16531,6591,3196,2509,2545,2072,1725
2020-10-15,167035,16769,9579,4524,2650,2141,1970,1895
2020-10-16,189820,17492,11024,9067,5434,3487,2222,1842
2020-10-17,291112,32504,20617,18067,15209,10202,5521,3301
2020-10-18,246386,21258,11583,9118,6920,5527,3653,2080
2020-10-19,190294,15975,10632,6677,4492,3646,2379,1332
2020-10-20,185163,15746,6933,4368,3530,2508,1924,1581
2020-10-21,177692,18271,7143,3659,2632,2152,2044,1773
2020-10-22,183887,18884,10736,5408,2932,2377,2376,1807
2020-10-23,201191,21995,13760,10314,6477,3581,2752,2589
2020-10-24,297933,34684,22407,18236,15443,11663,5752,4364
2020-10-25,252312,23163,13690,9500,7396,5790,4252,2201
2020-10-26,186299,15003,10632,7787,4676,3849,3250,1787
2020-10-27,188382,14977,6884,4759,3993,3072,2171,1734
2020-10-28,183904,17624,7314,4085,3825,3215,2420,1745
2020-10-29,186664,18223,10088,5439,2864,2601,2180,2006
2020-10-30,196416,21511,14202,10698,7324,3365,2820,2539
2020-10-31,293557,35752,23630,19936,16623,11284,5281,4008
2020-11-01,239699,19801,12748,8613,7501,5387,4373,2153
2020-11-02,183889,14058,8947,6499,4620,3511,2467,1815
2020-11-03,178700,13889,5849,4228,3879,3159,2107,1543
2020-11-04,170790,16643,7788,3950,3069,2908,2083,1492
2020-11-05,179604,16322,9450,5409,3564,2800,2359,1987
2020-11-06,193136,20084,11388,8679,6663,3938,2644,2559
2020-11-07,286048,37077,22365,16426,15880,11697,5362,3508
2020-11-08,245428,23474,14333,9514,7370,6183,4561,2238
2020-11-09,183707,14302,10984,8631,5877,3949,3366,2570
2020-11-10,186128,14299,5638,5424,5636,3906,2770,2266
2020-11-11,191670,19108,9579,5170,4489,3793,3842,2185
2020-11-12,183771,18521,12517,7645,3942,3743,3308,3295
2020-11-13,202242,22203,13818,11254,7685,4492,4038,3740
2020-11-14,293225,35796,22499,19190,16502,11933,6138,4848
2020-11-15,255024,21375,12645,9073,8227,6646,5010,2542
2020-11-16,191064,14810,9767,7530,5711,4852,3317,3208
2020-11-17,180617,14102,5678,4832,4795,3863,2730,2327
2020-11-18,156368,15655,6902,3426,3589,3036,2950,2415
2020-11-19,158996,14176,8704,5695,3923,2901,3500,3223
2020-11-20,187877,17062,10409,9868,6647,4203,3268,3450
2020-11-21,272825,29990,17279,15491,14155,10552,6341,4250
2020-11-22,216788,18442,10553,7208,6166,5551,4526,2745
2020-11-23,179608,12826,8512,5792,4219,3806,3216,2059
2020-11-24,168473,11759,4907,4271,3584,3028,2614,2201
2020-11-25,173802,15123,7131,3391,3078,2687,2789,1990
2020-11-26,169665,14648,8495,4861,2703,2635,2493,2032
2020-11-27,182417,18385,10077,6796,5690,2976,2255,2484
2020-11-28,257850,27996,17735,13243,11081,7138,3987,2753
2020-11-29,217866,18213,9263,6923,5228,3947,3545,1582
2020-11-30,159928,11425,8133,5023,3715,2533,2358,1307
2020-12-01,161522,9624,4127,2976,2867,2352,1824,1160
2020-12-02,160592,11717,5117,2487,2221,2092,1746,1071
2020-12-03,176011,13497,6723,3645,1911,1607,1474,1397
2020-12-04,186128,15452,8203,6074,3929,2131,1639,1627
2020-12-05,265836,28723,15943,11983,8943,5321,2866,2168
2020-12-06,219170,15496,8537,5975,4457,3621,2607,1114
2020-12-07,163570,11215,8024,5836,3974,2895,2102,1161
2020-12-08,161174,10702,4433,3417,2819,2036,1561,1140
2020-12-09,173334,12482,5783,2622,2333,2170,1465,1372
2020-12-10,182437,15953,7747,4401,2773,2191,1919,1636
2020-12-11,201339,16596,9633,6968,4555,2707,2067,2402
2020-12-12,274317,28426,16595,10795,9275,6829,3644,2505
2020-12-13,202123,18115,10294,6844,5369,3635,2742,1479
2020-12-14,165393,14169,9536,7283,4453,3242,2331,1552
2020-12-15,171703,11643,5632,4059,3202,2632,1747,1585
2020-12-16,177822,13361,6077,3419,2656,2605,1911,1525
2020-12-17,180911,16662,7516,4043,3194,2304,2070,2187
2020-12-18,192444,16988,9662,6578,4074,2594,2439,2442
2020-12-19,270243,23842,14870,10065,7156,5275,3268,2979
2020-12-20,228399,17221,9205,5277,4491,3028,2496,1394
2020-12-21,188590,16003,11200,7737,4537,3549,2493,1653
2020-12-22,182894,15480,7232,4568,3760,2802,2322,1501
2020-12-23,201883,20618,10168,6226,5130,3893,3215,2764
2020-12-24,281010,33400,19919,13319,8507,6184,6348,5438
2020-12-25,395086,43606,24849,20328,15253,8669,6470,6014
2020-12-26,261931,20373,11366,8624,7115,5666,3379,2166
2020-12-27,212066,15584,7710,5594,4358,3391,2383,1686
2020-12-28,202922,18162,10756,7551,6777,4362,3200,2002
2020-12-29,188381,17303,6896,4801,3639,3258,2327,1704
2020-12-30,210692,20332,10244,5383,3300,2625,2338,1868
2020-12-31,276201,31186,16987,12322,6938,4508,3256,3146
2021-01-01,279443,23061,12396,8548,5937,3333,2141,1890
2021-01-02,243095,17391,8050,6294,4935,3732,1627,970
2021-01-03,213652,14780,6209,4090,2383,2193,1272,953
2021-01-04,168268,14462,7966,5998,4683,3371,2138,1427
2021-01-05,159731,11206,5172,3160,2442,2087,1247,1043
2021-01-06,150662,12092,5715,2780,2562,1472,1265,1003
2021-01-07,126255,12059,7166,4252,2999,2017,1261,1034
2021-01-08,144484,10999,7849,5076,3814,1963,1689,915
2021-01-09,213920,16772,10068,9948,7663,5319,3102,1888
2021-01-10,193089,12517,6138,4622,3642,2817,2221,1419
2021-01-11,161240,12707,8008,4680,3038,2521,2112,1339
2021-01-12,147915,11580,5064,3531,2637,1600,1677,1149
2021-01-13,169450,14210,6558,2965,2492,1686,1392,1371
2021-01-14,164388,13025,8377,4643,2720,2139,1909,1187
2021-01-15,179813,14715,7521,5872,4556,2434,1727,1364
2021-01-16,261885,23765,14505,9847,8730,6157,3437,1724
2021-01-17,205717,15148,7850,5561,3512,3008,2194,1120
2021-01-18,139908,12221,9051,5534,3868,2374,2346,1327
2021-01-19,154564,9596,4718,4459,3637,2275,1175,1323
2021-01-20,160385,13840,5699,3489,2709,2033,1647,903
2021-01-21,153571,13797,7374,4193,2622,2260,1390,1359
2021-01-22,167639,13278,8117,5984,4104,2717,2063,1560
2021-01-23,242871,24134,14125,11202,8291,5984,3254,2397
2021-01-24,226811,15359,8542,5898,4455,3281,2317,1536
2021-01-25,172008,13055,8524,6202,4069,2990,1890,1502
2021-01-26,158937,11096,5064,4196,2856,2369,1538,1217
2021-01-27,172448,14545,6632,3592,2494,2256,2026,1317
2021-01-28,150026,13546,7706,4424,2631,2151,1907,1598
2021-01-29,172668,14397,8928,6059,4189,2884,1946,1378
2021-01-30,267351,23794,16173,13126,9691,7495,3874,2523
2021-01-31,229501,15986,8371,5941,4531,3745,2689,1753
2021-02-01,172984,13073,8855,6084,4165,3315,2131,1534
2021-02-02,169675,11868,5083,4115,3607,2435,1813,1139
2021-02-03,164762,14172,6070,3863,2697,2292,1521,1490
2021-02-04,168426,14265,7789,5075,2741,2146,1863,1298
2021-02-05,189519,15489,9192,7351,5418,3437,2255,1723
2021-02-06,283788,30256,16952,14184,11013,8741,4529,2596
2021-02-07,244947,18959,9050,6529,5124,4521,3280,1855
2021-02-08,200611,17052,10230,6928,4772,3877,2877,2119
2021-02-09,208972,16069,8022,5368,4296,3524,3165,2765
2021-02-10,262617,29949,17389,9395,7088,6673,6405,4862
2021-02-11,329154,39491,26021,17883,10161,8564,7681,6821
2021-02-12,343656,33716,19240,14251,10266,7248,4610,4434
2021-02-13,342948,30463,15263,10539,8231,6362,3743,2680
2021-02-14,252951,18178,9186,6268,5084,3583,2863,1681
2021-02-15,191610,16503,8606,7635,7100,5186,4007,2306
2021-02-16,175263,13666,6412,3968,2955,3491,3117,2191
2021-02-17,178340,16731,7606,3935,2839,2233,2486,2173
2021-02-18,180551,17382,10078,5752,2893,2169,1944,1990
2021-02-19,199082,19690,11213,8831,5494,3616,2094,1759
2021-02-20,301089,31863,18594,14480,12641,8617,4542,2980
2021-02-21,268265,21652,11402,7452,5719,4569,3433,1765
2021-02-22,191616,18657,11632,7690,5998,4091,3679,2181
2021-02-23,182722,16002,6841,4922,4406,3719,2919,2151
2021-02-24,180983,17624,8705,4855,3792,2926,2518,2145
2021-02-25,177856,17767,10069,5660,3563,3206,2477,2327
2021-02-26,207374,22328,12902,11241,7256,4124,3305,3273
2021-02-27,332292,40707,26021,20221,16107,12965,6749,4661
2021-02-28,334966,32330,19548,12839,10523,7737,6223,3473
2021-03-01,207981,17166,9591,6884,4509,3427,2901,2106
2021-03-02,161746,12761,7245,6180,4555,2723,2196,1823
2021-03-03,160060,10534,4184,2949,3032,1945,1803,1261
2021-03-04,160132,12553,5244,3049,2259,1916,1717,1081
2021-03-05,175253,15323,7953,4459,3097,2356,1585,1213
2021-03-06,253773,26256,14599,10811,7429,4416,3335,2192
2021-03-07,219958,17184,8452,6500,4489,3047,1829,1402
2021-03-08,162457,11737,8118,6058,3749,2302,1629,1082
2021-03-09,157590,10417,4288,3937,3176,2262,1582,934
2021-03-10,165070,14549,6227,3069,3146,2393,1867,1474
2021-03-11,169914,12607,7112,4360,2173,2067,1709,1559
2021-03-12,178420,15435,8535,6900,4883,2675,2318,1715
2021-03-13,289869,30703,19429,14008,11390,7966,4334,2464
2021-03-14,251139,20142,11284,7395,5414,3944,3194,1642
2021-03-15,170836,12593,9014,6380,4000,2693,2045,1409
2021-03-16,167714,11192,4492,3855,3012,2345,1784,1412
2021-03-17,166761,14730,5720,2900,2560,1935,1735,1296
2021-03-18,180075,14002,8110,4691,2175,2125,1716,1514
2021-03-19,190475,18245,10812,7915,5499,3097,2239,2058
2021-03-20,254706,29930,17853,14627,12668,9255,4927,3355
2021-03-21,243182,19979,12161,7674,6490,4343,2797,1546
2021-03-22,176740,14103,10052,6582,4576,3436,2248,1566
2021-03-23,176883,14496,5804,4326,4058,2886,1728,1622
2021-03-24,180960,19487,7405,4360,3492,2884,2190,1690
2021-03-25,196323,19304,11747,6102,3593,2854,2212,1745
2021-03-26,212818,23379,13109,10634,6948,4254,2907,2436
2021-03-27,244315,32687,19367,15363,13358,9678,5085,3510
2021-03-28,244578,20635,11598,8656,6043,4745,3245,1834
2021-03-29,184262,13559,10663,8585,5825,3519,2798,1736
2021-03-30,182114,13318,5231,4951,4148,3145,1983,1503
2021-03-31,188271,15977,8030,3604,3682,2708,2479,1853
2021-04-01,194860,17431,9529,5651,3617,3841,2930,2398
2021-04-02,211640,19154,10843,8335,5999,3589,3332,2906
2021-04-03,245196,25943,15758,12828,10240,8750,4849,3340
2021-04-04,254982,16807,10889,7286,5095,4392,3422,1831
2021-04-05,186276,13234,10249,7071,5287,4099,2786,2019
2021-04-06,185710,13044,5514,5027,4716,3166,2740,1826
2021-04-07,183363,15713,7469,4015,4067,3488,2590,1941
2021-04-08,191542,17183,9494,5519,3386,3374,2797,2356
2021-04-09,222364,22317,13073,10488,7109,4722,3605,3029
2021-04-10,360172,41264,23430,18870,15955,10386,5441,4304
2021-04-11,281930,23764,12875,9077,6844,5297,4116,2157
2021-04-12,166901,13764,9378,6714,4386,3441,2949,2132
2021-04-13,179305,12193,5426,4706,4118,3167,2568,2153
2021-04-14,185411,15281,7637,4472,3989,3514,2843,2047
2021-04-15,186258,16835,8833,6108,4385,3368,2604,2236
2021-04-16,212619,19608,12853,9715,7571,4209,3925,2921
2021-04-17,305874,36264,23334,18570,14165,14097,5927,5143
2021-04-18,273153,21076,12366,9853,7771,6242,4642,2832
2021-04-19,188529,14359,10721,8354,6043,4364,3703,2599
2021-04-20,186113,12911,5972,5280,5183,3789,2486,2311
2021-04-21,182526,14694,6624,4376,3625,4340,2787,2391
2021-04-22,192988,15761,8986,5316,3282,3443,3157,2449
2021-04-23,210876,20738,12158,10481,7003,4168,3678,3591
2021-04-24,320319,36002,22554,19741,15044,10625,6425,4939
2021-04-25,287535,23316,14019,9741,8820,6402,4941,2961
2021-04-26,191883,15432,10933,7854,6148,4688,3793,3443
2021-04-27,183502,13073,6315,5902,4536,3517,3452,2265
2021-04-28,182854,14906,7243,4193,3929,3251,2980,2516
2021-04-29,196166,16434,9391,6119,3421,3696,3157,2862
2021-04-30,199191,19710,12592,9569,7061,4826,4040,3671
2021-05-01,298750,33554,22828,17696,15103,12397,6377,4484
2021-05-02,284679,22795,11977,9338,8217,6426,5114,3059
2021-05-03,205285,16221,11163,8393,6025,4866,4816,2574
2021-05-04,214408,19169,8346,6210,4993,4584,3502,4068
2021-05-05,331325,34285,16783,8288,6005,5244,4457,4136
2021-05-06,207106,21265,13725,8014,4877,4693,4442,3504
2021-05-07,211996,18982,10568,9348,6715,4495,3441,2948
2021-05-08,285529,32580,18857,12378,11725,8119,5575,3438
2021-05-09,265112,20716,12134,7736,5773,5418,4512,2499
2021-05-10,182280,12916,9114,6833,4657,4416,3898,2208
2021-05-11,185690,11921,5388,4724,4162,3031,2380,2460
2021-05-12,189549,14456,7091,3599,3325,3116,2191,2206
2021-05-13,192695,16118,9389,5454,3398,2822,2588,2547
2021-05-14,213177,19524,11387,8964,6881,4471,2849,3362
2021-05-15,269089,29407,17473,14496,12506,9630,5815,4316
2021-05-16,207380,15768,9706,6588,5814,5423,4104,2430
2021-05-17,189267,13095,10533,7348,4754,4027,2855,2107
2021-05-18,235129,19586,8267,6958,5940,4821,3990,3081
2021-05-19,333414,38443,18475,8930,6814,6271,5287,4584
2021-05-20,184455,20026,12245,7317,3485,3640,3420,2677
2021-05-21,204678,16649,10323,8194,6259,3613,3103,2433
2021-05-22,303602,33851,20948,12402,11670,10250,4960,3863
2021-05-23,238460,20351,10878,7958,5701,4900,3919,1961
2021-05-24,181128,12803,9437,7138,4986,3581,3562,2537
2021-05-25,180903,11971,5405,5002,4353,3008,2268,2324
2021-05-26,178660,14455,6797,3504,3499,2863,2206,1677
2021-05-27,172045,14830,8384,4734,2675,2304,2420,2264
2021-05-28,191762,15406,11226,8166,5642,3694,2761,2645
2021-05-29,285957,30320,20583,17602,14192,10668,5774,3623
2021-05-30,251325,19183,11106,7543,6943,5442,3958,1766
2021-05-31,174562,11995,8550,6483,3827,3585,2368,1981
2021-06-01,175700,11245,5567,3708,3294,2743,2230,1602
2021-06-02,181889,13577,5675,3478,2552,2083,1884,1642
2021-06-03,170958,12925,7118,3675,2706,2155,1740,1702
2021-06-04,206643,18077,10606,8887,6187,3176,2664,2196
2021-06-05,305570,31330,21215,16837,13132,9141,5160,3524
2021-06-06,259363,19418,10493,8840,6320,5514,3513,1831
2021-06-07,189949,14935,10040,7576,5641,3721,2947,1844
2021-06-08,185492,12234,5570,4231,3602,2889,2341,1651
2021-06-09,194291,16858,6685,3683,3086,2899,1804,1962
2021-06-10,187491,14895,8384,5296,3042,2640,2427,1948
2021-06-11,204005,16147,11194,8274,6334,3348,3015,3012
2021-06-12,292743,31686,20320,14464,13132,9217,5174,3903
2021-06-13,257558,19862,10887,7753,6733,4847,4196,2135
2021-06-14,201270,13804,9616,7887,5492,4161,3788,2477
2021-06-15,188425,12940,6108,4885,4532,3434,3095,1826
2021-06-16,204023,17335,7838,4116,3590,2983,2724,2184
2021-06-17,202589,17587,11306,6513,3615,3089,3070,3171
2021-06-18,220310,20321,11990,9888,6993,4547,3382,3271
2021-06-19,326578,36653,23207,18052,15315,11975,6725,4130
2021-06-20,278368,22264,12859,9364,8036,6682,4318,3027
2021-06-21,216686,16257,11725,9122,6681,5013,3678,2314
2021-06-22,208115,16299,6954,5836,5443,4284,3386,2747
2021-06-23,204724,17351,9085,4892,4950,3958,3615,2766
2021-06-24,209087,19561,11852,6487,3988,3932,3321,2688
2021-06-25,242383,21969,12892,11579,7838,4139,3960,3807
2021-06-26,319666,34852,23124,17944,15529,10984,5544,4207
2021-06-27,289509,26012,13527,9995,8506,6530,4933,2461
2021-06-28,218451,18540,13711,9578,7042,5260,4194,2798
2021-06-29,205066,16197,7461,6610,5357,4471,3143,2542
2021-06-30,209536,18267,8670,5482,4788,3696,3098,2510
2021-07-01,223144,19254,13145,7024,4716,4454,3478,2828
2021-07-02,236019,21557,13425,9860,7266,3993,3723,2992
2021-07-03,284930,33350,21097,16830,14530,10714,5886,4927
2021-07-04,255885,16816,10319,7456,5899,5061,3957,2363
2021-07-05,201547,15443,10772,8455,6239,4905,3611,2455
2021-07-06,204384,13267,5954,5608,4850,4338,2788,2074
2021-07-07,188067,14613,6687,4305,3698,3467,3066,2301
2021-07-08,200045,14590,8507,4617,3276,2880,3001,2728
2021-07-09,228675,18731,11844,9409,7297,4422,3880,3705
2021-07-10,319793,34234,20668,17355,15842,11927,6620,4924
2021-07-11,278434,21128,13283,8729,7069,6462,4728,2910
2021-07-12,230407,17285,12246,9334,5660,4784,4165,2855
2021-07-13,232576,15840,7245,6326,5285,3738,3171,2992
2021-07-14,228266,19928,9521,5584,4474,3624,3323,2831
2021-07-15,240708,20006,13489,7175,4408,3513,3193,2643
2021-07-16,266128,24240,15958,11869,8739,4496,3311,3630
2021-07-17,379845,39130,24623,18691,15715,10255,5800,3810
2021-07-18,328061,25054,13984,10134,7650,6692,4583,2405
2021-07-19,236461,19216,12782,10729,6439,5290,4019,2463
2021-07-20,235743,17291,8278,6962,5849,4171,2820,2219
2021-07-21,241442,21876,10482,5755,4948,3896,2914,2566
2021-07-22,250434,22386,12783,7826,4560,4354,3492,2583
2021-07-23,263950,26249,15200,11487,8123,4624,3728,3329
2021-07-24,373992,41801,27177,20408,18868,11188,6476,4730
2021-07-25,317699,24526,14035,10997,8970,7362,5352,2558
2021-07-26,247468,21672,15599,10611,8980,6584,5317,3184
2021-07-27,78682,17927,8966,7170,6172,4531,3256,2545
2021-07-28,368,17573,10931,6873,5598,4701,4252,3285
2021-07-29,0,189,11817,9655,5407,4692,3707,3125
2021-07-30,0,0,105,9578,9037,4982,4578,3264
2021-07-31,0,0,0,99,14173,12196,7355,5026
2021-08-01,0,0,0,0,112,7590,6596,4053
2021-08-02,0,0,0,0,0,64,6359,4858
2021-08-03,0,0,0,0,0,0,18,2810
2021-08-04,0,0,0,0,0,0,0,14
2021-08-05,0,0,0,0,0,0,0,0
2021-08-06,0,0,0,0,0,0,0,0
2021-08-07,0,0,0,0,0,0,0,0
2021-08-08,0,0,0,0,0,0,0,0
2021-08-09,0,0,0,0,0,0,0,0
2021-08-10,0,0,0,0,0,0,0,0
2021-08-11,0,0,0,0,0,0,0,0
2021-08-12,0,0,0,0,0,0,0,0
2021-08-13,0,0,0,0,0,0,0,0
2021-08-14,0,0,0,0,0,0,0,0
2021-08-15,0,0,0,0,0,0,0,0
2021-08-16,0,0,0,0,0,0,0,0
2021-08-17,0,0,0,0,0,0,0,0
2021-08-18,0,0,0,0,0,0,0,0
2021-08-19,0,0,0,0,0,0,0,0
2021-08-20,0,0,0,0,0,0,0,0
2021-08-21,0,0,0,0,0,0,0,0
2021-08-22,0,0,0,0,0,0,0,0
2021-08-23,0,0,0,0,0,0,0,0
2021-08-24,0,0,0,0,0,0,0,0
2021-08-25,0,0,0,0,0,0,0,0
2021-08-26,0,0,0,0,0,0,0,0
2021-08-27,0,0,0,0,0,0,0,0
2021-08-28,0,0,0,0,0,0,0,0
2021-08-29,0,0,0,0,0,0,0,0
2021-08-30,0,0,0,0,0,0,0,0
2021-08-31,0,0,0,0,0,0,0,0
2021-09-01,0,0,0,0,0,0,0,0
2021-09-02,0,0,0,0,0,0,0,0
2021-09-03,0,0,0,0,0,0,0,0
2021-09-04,0,0,0,0,0,0,0,0
2021-09-05,0,0,0,0,0,0,0,0
2021-09-06,0,0,0,0,0,0,0,0
2021-09-07,0,0,0,0,0,0,0,0
2021-09-08,0,0,0,0,0,0,0,0
2021-09-09,0,0,0,0,0,0,0,0
2021-09-10,0,0,0,0,0,0,0,0
2021-09-11,0,0,0,0,0,0,0,0
2021-09-12,0,0,0,0,0,0,0,0
2021-09-13,0,0,0,0,0,0,0,0
2021-09-14,0,0,0,0,0,0,0,0
2021-09-15,0,0,0,0,0,0,0,0
2021-09-16,0,0,0,0,0,0,0,0
2021-09-17,0,0,0,0,0,0,0,0
2021-09-18,0,0,0,0,0,0,0,0
2021-09-19,0,0,0,0,0,0,0,0
2021-09-20,0,0,0,0,0,0,0,0
2021-09-21,0,0,0,0,0,0,0,0
2021-09-22,0,0,0,0,0,0,0,0
2021-09-23,0,0,0,0,0,0,0,0
2021-09-24,0,0,0,0,0,0,0,0
2021-09-25,0,0,0,0,0,0,0,0
2021-09-26,0,0,0,0,0,0,0,0
2021-09-27,0,0,0,0,0,0,0,0
2021-09-28,0,0,0,0,0,0,0,0
2021-09-29,0,0,0,0,0,0,0,0
2021-09-30,0,0,0,0,0,0,0,0
2021-10-01,0,0,0,0,0,0,0,0
2021-10-02,0,0,0,0,0,0,0,0
2021-10-03,0,0,0,0,0,0,0,0
2021-10-04,0,0,0,0,0,0,0,0
2021-10-05,0,0,0,0,0,0,0,0
2021-10-06,0,0,0,0,0,0,0,0
2021-10-07,0,0,0,0,0,0,0,0
2021-10-08,0,0,0,0,0,0,0,0
2021-10-09,0,0,0,0,0,0,0,0
2021-10-10,0,0,0,0,0,0,0,0
2021-10-11,0,0,0,0,0,0,0,0
2021-10-12,0,0,0,0,0,0,0,0
2021-10-13,0,0,0,0,0,0,0,0
2021-10-14,0,0,0,0,0,0,0,0
2021-10-15,0,0,0,0,0,0,0,0
2021-10-16,0,0,0,0,0,0,0,0
2021-10-17,0,0,0,0,0,0,0,0
2021-10-18,0,0,0,0,0,0,0,0
2021-10-19,0,0,0,0,0,0,0,0
2021-10-20,0,0,0,0,0,0,0,0
2021-10-21,0,0,0,0,0,0,0,0
2021-10-22,0,0,0,0,0,0,0,0
2021-10-23,0,0,0,0,0,0,0,0
2021-10-24,0,0,0,0,0,0,0,0